,Species,Test,Statistic,P-value,Mean Difference,Fold Change,Adjusted P-value
1,Dolosigranulum_pigrum,Kruskal-Wallis,8.96893070856544,0.011282918272371887,11.202522619047617,1.8766792521504754,0.10154626445134698
2,Moraxella_nonliquefaciens,Kruskal-Wallis,6.434107134533881,0.040072956756864314,12.68885943452381,2.2518944568788197,0.12021887027059294
3,Moraxella_catarrhalis,Kruskal-Wallis,7.212505261789055,0.027153410300528417,6.155035386904762,22.392555072495714,0.12021887027059294
0,Moraxella_lincolnii,Kruskal-Wallis,5.817797606909835,0.05453575139639652,12.884402410714287,2.966823470614887,0.12270544064189218
6,Haemophilus_influenzae,Kruskal-Wallis,4.889087004883362,0.08676573420836191,11.215640000000002,2.1601447803850733,0.13014860131254288
8,Corynebacterium_propinquum,Kruskal-Wallis,5.010936385601344,0.08163736700875854,7.836041934523809,9.194432767132744,0.13014860131254288
7,Streptococcus_mitis,Kruskal-Wallis,1.6924864446167056,0.42902365474506277,1.6209236309523811,51.55282348318189,0.5516018418150807
5,Corynebacterium_pseudodiphtheriticum,Kruskal-Wallis,1.3933652931371951,0.49823538819626534,3.9081269940476195,1.858354858500594,0.5605148117207985
4,Streptococcus_pneumoniae,Kruskal-Wallis,0.1842692234507673,0.9119823777606251,7.487686011904762,3.162505323950808,0.9119823777606251
