,Species,Test,Statistic,P-value,Mean Difference,Fold Change,Adjusted P-value
4,Streptococcus_pneumoniae,Kruskal-Wallis,7.917211328355936,0.019089713214353914,11.216512269230769,3.230981856479128,0.1336279925004774
1,Dolosigranulum_pigrum,Kruskal-Wallis,3.8305347600930797,0.14730244158652614,8.470015392156862,1.6361746015946204,0.5155585455528415
5,Corynebacterium_pseudodiphtheriticum,Kruskal-Wallis,1.672728608689026,0.4332829482004311,1.9933852194570134,1.428236340565158,0.7582451593507545
6,Haemophilus_influenzae,Kruskal-Wallis,2.1046239890069414,0.34912962950267135,6.256551115384616,1.743965089898492,0.7582451593507545
3,Moraxella_catarrhalis,Kruskal-Wallis,0.9197385141552713,0.631366186771306,3.5821593333333333,2.1299852096248046,0.8839126614798283
0,Moraxella_lincolnii,Kruskal-Wallis,0.09345493659256447,0.9543474520892703,1.0573495343137242,1.073831929999497,0.9543474520892703
2,Moraxella_nonliquefaciens,Kruskal-Wallis,0.32231475842297813,0.8511581059741935,3.973945096153848,1.2226993927838423,0.9543474520892703
