,Species,Test,Statistic,P-value,Mean Difference,Fold Change,Adjusted P-value
6,Haemophilus_influenzae,Kruskal-Wallis,18.643213329119515,0.0009234746283417158,75.53543666666667,136.1042527196985,0.008311271655075442
1,Dolosigranulum_pigrum,Kruskal-Wallis,13.140026657570031,0.01061148365500403,25.456292777777776,254562927777.77774,0.03275329740143487
3,Moraxella_catarrhalis,Kruskal-Wallis,13.074433867102062,0.010917765800478289,6.442753958333333,64427539583.33333,0.03275329740143487
0,Moraxella_lincolnii,Kruskal-Wallis,8.290733718409372,0.08149038929606277,26.090912045454544,260909120454.54544,0.14668270073291298
2,Moraxella_nonliquefaciens,Kruskal-Wallis,8.412882614111675,0.07757231079308868,14.650863560606062,2.569385072298054,0.14668270073291298
8,Corynebacterium_propinquum,Kruskal-Wallis,6.68712539720966,0.15337524340660383,8.792306041666667,87923060416.66666,0.23006286510990576
5,Corynebacterium_pseudodiphtheriticum,Kruskal-Wallis,4.536257597796643,0.3382698901588787,9.871365555555556,98713655555.55556,0.4349184302042726
4,Streptococcus_pneumoniae,Kruskal-Wallis,3.4822597322325786,0.4805809132841461,14.362303358585859,8.376943968399823,0.5406535274446644
7,Streptococcus_mitis,Kruskal-Wallis,2.4166918651130254,0.6596128915044984,3.477939545454545,34779395454.54545,0.6596128915044984
