,test-statistic,p-value,sample size
Severity,2.3817743036460306,0.008,181
Symptoms,2.195274132358458,0.068,181
