,test-statistic,p-value,sample size
Severity,2.3817743036460457,0.021,181
Symptoms,2.195274132358487,0.069,181
