,test-statistic,p-value,sample size
Severity,2.3911966803090774,0.001,181
Symptoms,2.217571430484918,0.004,181
