,test-statistic,p-value,sample size
Severity,2.3817743036460386,0.026,181
Symptoms,2.195274132358445,0.073,181
