,test-statistic,p-value,sample size
Severity,2.381774303646031,0.007,181
Symptoms,2.195274132358445,0.078,181
