,test-statistic,p-value,sample size
Severity,2.3817743036460524,0.017,181
Symptoms,2.1952741323584997,0.078,181
