,test-statistic,p-value,sample size
Timing,1.2482492079157383,0.305,181
Severity,2.3817743036460457,0.017,181
Symptoms,2.1952741323584726,0.082,181
