,test-statistic,p-value,sample size
Severity,2.381774303646024,0.017,181
Symptoms,2.1952741323584726,0.068,181
