,test-statistic,p-value,sample size
Severity,2.381774303646031,0.015,181
Symptoms,2.1952741323585006,0.08,181
