,test-statistic,p-value,sample size
Timing,1.2482492079157377,0.32,181
Severity,2.3817743036460524,0.023,181
Symptoms,2.195274132358458,0.077,181
