Feature,p_value,R2,test_statistic,sample_size,Significant
Severity,0.001,0.6296720261915003,1.7003091063196591,237,Yes
Symptoms,0.01,0.6207886498853119,1.6370518701446077,237,Yes
Timing,0.26,0.5309089104040902,1.1317821254320397,237,No
