,taxon,variable,test,statistic,p-value,mean_3,mean_0,mean_1,mean_2,mean_4,species_name,time_point
0,Bacteria: Streptococcus pneumoniae,Severity,Kruskal-Wallis,4.250577015321283,0.3731548096070245,20.2832625,12.711447619047616,29.293324999999996,10.702877777777779,25.0961,Streptococcus pneumoniae,Acute
1,Bacteria: Haemophilus influenzae,Severity,Kruskal-Wallis,5.7318807202961,0.22008632873909126,21.069287499999998,11.567519047619047,1.263275,18.06647777777778,47.0534,Haemophilus influenzae,Acute
