,taxon,variable,test,statistic,p-value,mean_2,mean_3,mean_0,mean_1,mean_4,species_name,time_point
0,Bacteria: Streptococcus pneumoniae,Severity,Kruskal-Wallis,6.299958110169401,0.17783915375105358,5.609438709677419,2.8924888888888893,8.082295833333333,2.5377222222222224,21.3916,Streptococcus pneumoniae,Prior
1,Bacteria: Haemophilus influenzae,Severity,Kruskal-Wallis,6.168353589800996,0.18692335622686138,8.17871935483871,10.706433333333333,6.9577583333333335,1.064,60.2293,Haemophilus influenzae,Prior
