,taxon,variable,test,statistic,p-value,mean_2,mean_1,mean_0,mean_3,mean_4,species_name,time_point
0,Bacteria: Streptococcus pneumoniae,Severity,Kruskal-Wallis,6.299958110169291,0.17783915375106096,5.60943870967742,2.5377222222222224,8.082295833333335,2.892488888888889,21.3916,Streptococcus pneumoniae,Prior
1,Bacteria: Haemophilus influenzae,Severity,Kruskal-Wallis,6.168353589800996,0.18692335622686138,8.17871935483871,1.064,6.9577583333333335,10.706433333333333,60.2293,Haemophilus influenzae,Prior
