,taxon,variable,test,statistic,p-value,mean_1,mean_0,mean_3,mean_2,mean_4,species_name
0,Bacteria: Streptococcus pneumoniae,Severity,Kruskal-Wallis,3.469498696656358,0.4825312648897282,12.90150980392157,8.423860317460319,9.271400000000002,7.7607462499999995,15.4959,Streptococcus pneumoniae
1,Bacteria: Haemophilus influenzae,Severity,Kruskal-Wallis,18.902290897578865,0.0008214546186572334,0.851613725490196,8.557414285714284,12.614866666666666,13.14825625,56.23996666666667,Haemophilus influenzae
