,taxon,variable,test,statistic,p-value,mean_2,mean_0,mean_3,mean_4,mean_1,species_name
0,Bacteria: Streptococcus pneumoniae,Severity,Kruskal-Wallis,3.469498696656358,0.4825312648897282,7.7607462499999995,8.423860317460319,9.2714,15.4959,12.901509803921568,Streptococcus pneumoniae
1,Bacteria: Haemophilus influenzae,Severity,Kruskal-Wallis,18.902290897578865,0.0008214546186572334,13.14825625,8.557414285714284,12.614866666666666,56.23996666666667,0.851613725490196,Haemophilus influenzae
2,Bacteria: Moraxella catarrhalis,Severity,Kruskal-Wallis,7.478071603444525,0.11268013881152385,7.070433750000001,4.828150793650794,0.5698142857142857,4.158533333333334,2.400978431372549,Moraxella catarrhalis
