,taxon,variable,test,statistic,p-value,mean_1,mean_2,mean_0,mean_4,mean_3,species_name
0,Bacteria: Streptococcus pneumoniae,Severity,Kruskal-Wallis,3.469498696656358,0.4825312648897282,12.901509803921567,7.7607462499999995,8.423860317460319,15.4959,9.2714,Streptococcus pneumoniae
1,Bacteria: Haemophilus influenzae,Severity,Kruskal-Wallis,18.902290897578865,0.0008214546186572334,0.851613725490196,13.14825625,8.557414285714286,56.23996666666667,12.614866666666666,Haemophilus influenzae
