Variable,R2,p_value,Significant,n_samples
Timing,0.013311949089787483,0.084,No,237
Severity,0.020906780738479153,0.175,No,237
Symptoms,0.010459551412665243,0.227,No,237
