,taxon,variable,test,statistic,p-value,mean_1,mean_2,mean_0,mean_3,mean_4,species_name,time_point
0,Streptococcus.pneumoniae,Severity,Kruskal-Wallis,2.4906917328609666,0.6463033545523963,3.048588225850299,2.394052271955365,2.1412209230497994,1.7550488226162388,2.3921060574595923,Streptococcus.pneumoniae,Post
1,Haemophilus.influenzae,Severity,Kruskal-Wallis,5.360561719127986,0.25226080409551177,-0.2553980696710474,1.128999793284507,1.3035471928506936,-1.0611093922537154,5.025719656136242,Haemophilus.influenzae,Post
