,taxon,variable,test,statistic,p-value,mean_0,mean_1,mean_2,mean_3,mean_4,species_name
0,Streptococcus.pneumoniae,Severity,Kruskal-Wallis,8.028336814067302,0.09054567852769956,2.096707615724288,3.0823128744267305,2.8944387016795012,2.7880074882761425,4.791530823602554,Streptococcus.pneumoniae
1,Haemophilus.influenzae,Severity,Kruskal-Wallis,13.426877608902032,0.009367821589166518,1.7034098521633367,0.28065910935490707,1.0843744473475616,0.2433353920110556,6.25362812447374,Haemophilus.influenzae
