,taxon,variable,test,statistic,p-value,mean_2,mean_1,mean_4,mean_3,mean_0,species_name
0,Streptococcus.pneumoniae,Severity,Kruskal-Wallis,8.028336814067302,0.09054567852769956,2.8944387016795012,3.08231287442673,4.791530823602554,2.788007488276143,2.096707615724288,Streptococcus.pneumoniae
1,Haemophilus.influenzae,Severity,Kruskal-Wallis,13.426877608901918,0.009367821589166983,1.0843744473475616,0.28065910935490707,6.253628124473739,0.2433353920110557,1.7034098521633372,Haemophilus.influenzae
