Variable,R2,p_value,Significant,n_samples
Timing,0.013311949089787743,0.075,No,237
Severity,0.020906780738478747,0.153,No,237
Symptoms,0.010459551412665505,0.222,No,237
