,taxon,variable,test,statistic,p-value,mean_2,mean_1,mean_3,mean_4,mean_0,species_name,time_point
0,Streptococcus.pneumoniae,Severity,Kruskal-Wallis,4.405246176719174,0.3539311418826715,294.1781298589035,369.91936791683383,264.6464394351706,123.68833401922686,238.62839124387446,Streptococcus.pneumoniae,Acute
1,Haemophilus.influenzae,Severity,Kruskal-Wallis,4.371260772737628,0.35808668199137733,100.25520753248979,284.6376905797282,96.98424545200672,124.3669484447395,269.3609685700379,Haemophilus.influenzae,Acute
2,Moraxella.catarrhalis,Severity,Kruskal-Wallis,5.519322296867983,0.2380362478085984,221.4677568035701,410.7981487352547,346.414910314764,122.54500970673799,301.5314837269736,Moraxella.catarrhalis,Acute
