,taxon,variable,test,statistic,p-value,mean_Post,mean_Acute,mean_Prior,species_name
0,Streptococcus.pneumoniae,Timing,Kruskal-Wallis,9.419253285368995,0.00900814020971312,248.77112694037805,289.2850400833466,248.36002530733708,Streptococcus.pneumoniae
1,Haemophilus.influenzae,Timing,Kruskal-Wallis,11.192390453207281,0.0037119600496462444,58.29961114530775,189.0756417727229,94.14465476856074,Haemophilus.influenzae
2,Moraxella.catarrhalis,Timing,Kruskal-Wallis,17.428698829079394,0.00016421247087345902,164.30935364175625,298.03496325460526,221.2940254224782,Moraxella.catarrhalis
