,taxon,variable,test,statistic,p-value,mean_Mild,mean_Asymptomatic,mean_Severe,species_name,time_point
0,Streptococcus.pneumoniae,Symptoms,Kruskal-Wallis,1.4715854672333535,0.47912548950536926,322.0014417985514,238.62839124387446,250.55062889357623,Streptococcus.pneumoniae,Acute
1,Haemophilus.influenzae,Symptoms,Kruskal-Wallis,2.3144297305841803,0.31436049910727626,167.9875482437202,269.3609685700379,99.72251575127999,Haemophilus.influenzae,Acute
2,Moraxella.catarrhalis,Symptoms,Kruskal-Wallis,0.13673732832202745,0.9339161087049476,291.017696696842,301.5314837269736,324.0279202539613,Moraxella.catarrhalis,Acute
3,Staphylococcus.aureus,Symptoms,Kruskal-Wallis,0.07060545388554829,0.9653131457232914,385.5530482977512,397.6446780109911,401.8152923441752,Staphylococcus.aureus,Acute
