,taxon,variable,test,statistic,p-value,mean_2,mean_0,mean_1,mean_3,mean_4,species_name,time_point
0,Streptococcus.pneumoniae,Severity,Kruskal-Wallis,4.405246176719174,0.3539311418826715,294.17812985890345,238.62839124387446,369.9193679168339,264.6464394351706,123.68833401922686,Streptococcus.pneumoniae,Acute
1,Haemophilus.influenzae,Severity,Kruskal-Wallis,4.371260772737628,0.35808668199137733,100.25520753248979,269.3609685700379,284.6376905797282,96.9842454520067,124.3669484447395,Haemophilus.influenzae,Acute
2,Moraxella.catarrhalis,Severity,Kruskal-Wallis,5.519322296867983,0.2380362478085984,221.4677568035701,301.5314837269736,410.79814873525464,346.414910314764,122.54500970673799,Moraxella.catarrhalis,Acute
3,Staphylococcus.aureus,Severity,Kruskal-Wallis,4.146928728739795,0.3864862522090912,368.9571956432483,397.6446780109911,414.13479453606186,432.83373521731744,122.6493064858956,Staphylococcus.aureus,Acute
