,taxon,variable,test,statistic,p-value,mean_3,mean_1,mean_2,mean_0,mean_4,species_name,time_point,p-adjusted
0,Streptococcus.pneumoniae,Severity,Kruskal-Wallis,,,0.006283159255970386,0.0038558481167492555,0.004288756611137653,0.003512728651194604,0.040550115529567776,Streptococcus.pneumoniae,Acute,
1,Haemophilus.influenzae,Severity,Kruskal-Wallis,,,0.0022959728276070734,-0.002588338908783664,0.0015245082539306232,0.0005756301916617801,0.046021606495262546,Haemophilus.influenzae,Acute,
2,Moraxella.catarrhalis,Severity,Kruskal-Wallis,,,0.0015448292089624838,0.001995454471826166,0.0033246315601830646,0.00496647601066433,0.03126353791244263,Moraxella.catarrhalis,Acute,
3,Staphylococcus.aureus,Severity,Kruskal-Wallis,3.688786636561616,0.44975894463443555,0.009825536102654317,0.00978693903214071,0.011894505208043879,0.010536627127151532,0.032114265507335205,Staphylococcus.aureus,Acute,
