,taxon,variable,test,statistic,p-value,mean_1,mean_3,mean_0,mean_2,mean_4,species_name,time_point
0,Streptococcus.pneumoniae,Severity,Kruskal-Wallis,4.395331197454965,0.35513951896926615,31.479495039475484,-93.19997815315179,-83.5878606715397,0.46353537316615473,77.0143958920008,Streptococcus.pneumoniae,Acute
1,Haemophilus.influenzae,Severity,Kruskal-Wallis,4.679091719227957,0.3218366912749099,92.3612499215689,-114.69873991711658,93.30814887382287,-47.29595473404849,223.85644253671254,Haemophilus.influenzae,Acute
2,Moraxella.catarrhalis,Severity,Kruskal-Wallis,3.752013187456026,0.44060616113582085,104.07566096941933,20.285877837964716,11.032616923082557,-40.52945257064417,107.58845669103505,Moraxella.catarrhalis,Acute
3,Staphylococcus.aureus,Severity,Kruskal-Wallis,1.2882042763989716,0.8633736496274856,0.2772133610750598,-0.43039066863336234,0.010717797948517202,-0.17510714011743916,0.5576600610411226,Staphylococcus.aureus,Acute
