,taxon,variable,test,statistic,p-value,mean_2,mean_0,mean_1,mean_3,mean_4,species_name,time_point,p-adjusted
0,Streptococcus.pneumoniae,Severity,Kruskal-Wallis,,,0.003212080885632851,0.0023575892351846133,0.007853389339420199,0.005505565929749601,0.006367709201503757,Streptococcus.pneumoniae,Post,
1,Haemophilus.influenzae,Severity,Kruskal-Wallis,,,0.0006932275078872952,0.003164252270576271,-0.005846355303862083,-0.0041098705192078215,0.019376699686635135,Haemophilus.influenzae,Post,
2,Moraxella.catarrhalis,Severity,Kruskal-Wallis,,,0.002040529259708812,0.0022132346356124634,0.004468022180904252,-0.0038746868442296467,,Moraxella.catarrhalis,Post,
3,Staphylococcus.aureus,Severity,Kruskal-Wallis,3.3024004209486577,0.5085520222605646,0.0143096076220571,0.015394134181305705,0.019669633724013515,0.010545280615762083,0.01710222009439999,Staphylococcus.aureus,Post,
