,taxon,variable,test,statistic,p-value,mean_0,mean_2,mean_1,mean_3,mean_4,species_name,time_point
0,Streptococcus.pneumoniae,Severity,Kruskal-Wallis,2.798192510949974,0.5921447586419278,240.720696762632,257.9145278296673,290.07664230042224,141.80653116833292,201.4158855903033,Streptococcus.pneumoniae,Post
1,Haemophilus.influenzae,Severity,Kruskal-Wallis,2.1100522025244857,0.7155258500045022,83.1618001085686,118.78308590656961,-19.76291665347991,-73.71839534011171,204.05322026660713,Haemophilus.influenzae,Post
2,Moraxella.catarrhalis,Severity,Kruskal-Wallis,7.110439805057439,0.13016582091965326,240.83863458310924,119.11524106216055,246.24501184381958,33.756425812841734,-548.5416392275426,Moraxella.catarrhalis,Post
3,Staphylococcus.aureus,Severity,Kruskal-Wallis,1.5315332733318314,0.8210414484067139,323.5597326478913,316.30936551127195,292.8941633939577,357.123466696162,203.58963279136145,Staphylococcus.aureus,Post
