,taxon,variable,test,statistic,p-value,mean_Asymptomatic,mean_Mild,mean_Severe,species_name,time_point
0,Streptococcus.pneumoniae,Symptoms,Kruskal-Wallis,2.667374261518063,0.26350389462246654,240.72069676263212,270.34079932973174,149.25770047107923,Streptococcus.pneumoniae,Post
1,Haemophilus.influenzae,Symptoms,Kruskal-Wallis,0.883530449041956,0.6429005550245003,83.16180010856861,65.25394855382321,-38.99694338927188,Haemophilus.influenzae,Post
2,Moraxella.catarrhalis,Symptoms,Kruskal-Wallis,5.781048532021487,0.05554708352856626,240.83863458310924,168.23356159143788,-39.03083231720631,Moraxella.catarrhalis,Post
3,Staphylococcus.aureus,Symptoms,Kruskal-Wallis,0.20035042792642344,0.9046788917742961,323.5597326478912,307.2625828750369,337.93173745806195,Staphylococcus.aureus,Post
