,taxon,variable,test,statistic,p-value,mean_Severe,mean_Asymptomatic,mean_Mild,species_name,time_point
0,Streptococcus.pneumoniae,Symptoms,Kruskal-Wallis,1.4837736677702777,0.47621452958092036,-114.96650534953817,-6.622095715845036,38.55282760854466,Streptococcus.pneumoniae,Post
1,Haemophilus.influenzae,Symptoms,Kruskal-Wallis,2.433913642597562,0.29612997352167053,-157.0577169906902,-18.017560150709397,-20.370590948164832,Haemophilus.influenzae,Post
2,Moraxella.catarrhalis,Symptoms,Kruskal-Wallis,5.505959296027268,0.06373766218583485,-271.53765302630063,25.213227216155243,-31.837025018226118,Moraxella.catarrhalis,Post
3,Staphylococcus.aureus,Symptoms,Kruskal-Wallis,5.848483444526835,0.053705400085948284,-1.710176660183885,0.7992318717857362,0.05690285622137676,Staphylococcus.aureus,Post
