,taxon,variable,test,statistic,p-value,mean_Mild,mean_Asymptomatic,mean_Severe,species_name,time_point,p-adjusted
0,Streptococcus.pneumoniae,Symptoms,Kruskal-Wallis,1.088852489414985,0.5801745660906577,6310.65305301974,5372.868932150987,3552.047962428638,Streptococcus.pneumoniae,Post,0.5948989986388381
1,Haemophilus.influenzae,Symptoms,Kruskal-Wallis,1.0387272760650554,0.5948989986388381,7092.2465630357465,12498.889833456258,4454.392327791687,Haemophilus.influenzae,Post,0.5948989986388381
2,Moraxella.catarrhalis,Symptoms,Kruskal-Wallis,4.466778809288698,0.10716458972480096,10623.12592897819,6823.204285880912,854.4710333045341,Moraxella.catarrhalis,Post,0.42865835889920384
3,Staphylococcus.aureus,Symptoms,Kruskal-Wallis,2.5987810836309677,0.2726979403906083,170392.6264275003,302633.27159686986,41718.91502846249,Staphylococcus.aureus,Post,0.5453958807812166
