,taxon,variable,test,statistic,p-value,mean_3,mean_0,mean_1,mean_2,mean_4,species_name,time_point
0,Streptococcus.pneumoniae,Severity,Kruskal-Wallis,2.466309308292495,0.6506786230712673,-141.705989141007,-6.622095715845036,72.87233595417531,16.944248279814246,72.20988119074373,Streptococcus.pneumoniae,Post
1,Haemophilus.influenzae,Severity,Kruskal-Wallis,6.698203087669787,0.15272257149818214,-211.06748343025262,-18.017560150709397,-90.80379078052783,23.976238575915588,221.01064808624662,Haemophilus.influenzae,Post
2,Moraxella.catarrhalis,Severity,Kruskal-Wallis,8.913637076052536,0.06329476824284735,-218.03870938497514,25.213227216155243,60.75809060909569,-90.13765337616945,-646.0302585155791,Moraxella.catarrhalis,Post
3,Staphylococcus.aureus,Severity,Kruskal-Wallis,6.09235599354642,0.19235642153097313,-1.8067619108063628,0.7992318717857362,0.2721487500822365,-0.07862233620953495,-1.034079905826541,Staphylococcus.aureus,Post
