,taxon,variable,test,statistic,p-value,mean_3,mean_1,mean_2,mean_0,mean_4,species_name,time_point
0,Streptococcus.pneumoniae,Severity,Kruskal-Wallis,2.798192510949974,0.5921447586419278,141.80653116833292,290.07664230042235,257.9145278296673,240.72069676263206,201.4158855903033,Streptococcus.pneumoniae,Post
1,Haemophilus.influenzae,Severity,Kruskal-Wallis,2.1100522025244857,0.7155258500045022,-73.71839534011174,-19.76291665347991,118.78308590656961,83.16180010856861,204.05322026660713,Haemophilus.influenzae,Post
2,Moraxella.catarrhalis,Severity,Kruskal-Wallis,7.110439805057467,0.13016582091965181,33.756425812841734,246.24501184381958,119.11524106216055,240.83863458310918,-548.5416392275426,Moraxella.catarrhalis,Post
3,Staphylococcus.aureus,Severity,Kruskal-Wallis,1.5315332733318598,0.8210414484067088,357.123466696162,292.8941633939577,316.30936551127195,323.5597326478912,203.58963279136145,Staphylococcus.aureus,Post
