,taxon,variable,test,statistic,p-value,mean_2,mean_3,mean_0,mean_4,mean_1,species_name,time_point
0,Streptococcus.pneumoniae,Severity,Kruskal-Wallis,3.5864009031517696,0.4648630662635963,301.4713452645986,287.99514420934145,173.3757170464506,345.29611659725475,231.66670965057108,Streptococcus.pneumoniae,Prior
1,Haemophilus.influenzae,Severity,Kruskal-Wallis,6.126121228385159,0.18992536900090856,83.04739462364896,-45.52873790179798,204.2344958885948,346.3702522889568,22.294311108798517,Haemophilus.influenzae,Prior
2,Moraxella.catarrhalis,Severity,Kruskal-Wallis,2.6541681318206827,0.617258082829655,180.47917284066793,203.67091290481304,298.70783757007564,343.6353942793615,190.38266888336068,Moraxella.catarrhalis,Prior
3,Staphylococcus.aureus,Severity,Kruskal-Wallis,2.397390637820081,0.6630988722578774,303.97629194236436,290.16875554434176,332.39315166056605,345.92815347820425,276.59847969533143,Staphylococcus.aureus,Prior
