,taxon,variable,test,statistic,p-value,mean_0,mean_1,mean_2,mean_3,mean_4,species_name,time_point
0,Streptococcus.pneumoniae,Severity,Kruskal-Wallis,5.315189674958267,0.25645833753909236,-83.81078661717847,30.89301967402389,72.88885765576565,72.87545602108273,76.07183610737074,Streptococcus.pneumoniae,Prior
1,Haemophilus.influenzae,Severity,Kruskal-Wallis,5.750856415042605,0.2185430965556466,93.21142444416485,-32.31594664854962,0.6283392340150791,-114.48499387085774,223.3094040182719,Haemophilus.influenzae,Prior
2,Moraxella.catarrhalis,Severity,Kruskal-Wallis,4.068355354492808,0.39683399435273636,73.2387190179697,21.326364018336537,-16.385929656641935,20.26860982807733,106.1284989010006,Moraxella.catarrhalis,Prior
3,Staphylococcus.aureus,Severity,Kruskal-Wallis,1.1834781522402977,0.8808112694973669,-0.21106030069139525,0.40708142115573287,-0.02390396409699666,-0.36864094154543914,1.286164690691816,Staphylococcus.aureus,Prior
