,taxon,variable,test,statistic,p-value,mean_2,mean_3,mean_0,mean_1,mean_4,species_name,time_point
0,Streptococcus.pneumoniae,Severity,Kruskal-Wallis,3.5864009031517696,0.4648630662635963,301.4713452645986,287.99514420934156,173.3757170464506,231.66670965057108,345.29611659725475,Streptococcus.pneumoniae,Prior
1,Haemophilus.influenzae,Severity,Kruskal-Wallis,6.126121228385159,0.18992536900090856,83.04739462364893,-45.52873790179799,204.2344958885948,22.294311108798514,346.3702522889568,Haemophilus.influenzae,Prior
2,Moraxella.catarrhalis,Severity,Kruskal-Wallis,2.6541681318206827,0.617258082829655,180.47917284066787,203.67091290481304,298.7078375700757,190.38266888336065,343.6353942793615,Moraxella.catarrhalis,Prior
3,Staphylococcus.aureus,Severity,Kruskal-Wallis,2.397390637820081,0.6630988722578774,303.9762919423644,290.16875554434176,332.39315166056605,276.59847969533143,345.92815347820425,Staphylococcus.aureus,Prior
