,taxon,variable,test,statistic,p-value,mean_Mild,mean_Severe,mean_Asymptomatic,species_name,time_point
0,Streptococcus.pneumoniae,Symptoms,Kruskal-Wallis,1.5328954301169802,0.4646607474417602,275.82882605944565,293.72524144813286,173.37571704645055,Streptococcus.pneumoniae,Prior
1,Haemophilus.influenzae,Symptoms,Kruskal-Wallis,4.193123807182076,0.12287816983789392,60.729935373295746,-6.338838882722513,204.2344958885948,Haemophilus.influenzae,Prior
2,Moraxella.catarrhalis,Symptoms,Kruskal-Wallis,1.9831594599974096,0.37099016357589515,184.11719179512647,217.66736104226788,298.70783757007564,Moraxella.catarrhalis,Prior
