,taxon,variable,test,statistic,p-value,mean_Severe,mean_Mild,mean_Asymptomatic,species_name,time_point,p-adjusted
0,Streptococcus.pneumoniae,Symptoms,Kruskal-Wallis,1.7455623420404054,0.4177879921156912,10735.911097550972,7815.985779618678,3709.4916406131924,Streptococcus.pneumoniae,Prior,0.4177879921156912
1,Haemophilus.influenzae,Symptoms,Kruskal-Wallis,1.8751530138111372,0.3915756672881634,33824.477045570595,15383.105665923329,8647.077126480699,Haemophilus.influenzae,Prior,0.4177879921156912
2,Moraxella.catarrhalis,Symptoms,Kruskal-Wallis,3.6825028229104753,0.15861880446521862,2381.6846656181033,4359.654252843589,9354.586623605932,Moraxella.catarrhalis,Prior,0.4177879921156912
3,Staphylococcus.aureus,Symptoms,Kruskal-Wallis,1.7563012984884097,0.415550700509389,124075.86694257113,204360.12567823334,185609.5120093607,Staphylococcus.aureus,Prior,0.4177879921156912
