,taxon,variable,test,statistic,p-value,mean_2,mean_0,mean_1,mean_3,mean_4,species_name,time_point,p-adjusted
0,Streptococcus.pneumoniae,Severity,Kruskal-Wallis,,,0.005573210148094431,0.0035439153074908105,0.003874654166390676,0.002784952774462902,0.010565364564906865,Streptococcus.pneumoniae,Prior,
1,Haemophilus.influenzae,Severity,Kruskal-Wallis,,,-0.0015417477568119185,0.000768430091772343,-0.0050482485623062345,0.0019816068853346636,0.01367130292919061,Haemophilus.influenzae,Prior,
2,Moraxella.catarrhalis,Severity,Kruskal-Wallis,,,0.009183606963516397,0.0041717724317463355,0.006223260086204441,0.0006080024569403708,0.00574420162363154,Moraxella.catarrhalis,Prior,
3,Staphylococcus.aureus,Severity,Kruskal-Wallis,1.8016952603038874,0.7721721803147533,0.021031594567137674,0.013368416252511062,0.019981693180459184,0.014099920637206923,0.012394111281293085,Staphylococcus.aureus,Prior,
