,taxon,variable,test,statistic,p-value,mean_2,mean_1,mean_3,mean_0,mean_4,species_name,time_point
0,Streptococcus.pneumoniae,Severity,Kruskal-Wallis,3.5864009031517696,0.4648630662635963,301.4713452645987,231.66670965057108,287.9951442093415,173.37571704645055,345.29611659725475,Streptococcus.pneumoniae,Prior
1,Haemophilus.influenzae,Severity,Kruskal-Wallis,6.126121228385102,0.1899253690009126,83.04739462364893,22.294311108798535,-45.52873790179798,204.2344958885948,346.3702522889568,Haemophilus.influenzae,Prior
2,Moraxella.catarrhalis,Severity,Kruskal-Wallis,2.6541681318206827,0.617258082829655,180.4791728406679,190.38266888336068,203.67091290481304,298.70783757007564,343.6353942793615,Moraxella.catarrhalis,Prior
