,taxon,variable,test,statistic,p-value,mean_Asymptomatic,mean_Mild,mean_Severe,species_name,time_point
0,Streptococcus.pneumoniae,Symptoms,Kruskal-Wallis,3.5143704170733563,0.17252981643709508,-83.81078661717847,57.46181513186051,73.19509402971153,Streptococcus.pneumoniae,Prior
1,Haemophilus.influenzae,Symptoms,Kruskal-Wallis,1.6442583880664172,0.4394948876882485,93.21142444416485,-11.473643335090323,-80.70555408194477,Haemophilus.influenzae,Prior
2,Moraxella.catarrhalis,Symptoms,Kruskal-Wallis,1.4489820098655755,0.484571150520967,73.2387190179697,-2.5324340209355665,28.854598735369656,Moraxella.catarrhalis,Prior
3,Staphylococcus.aureus,Symptoms,Kruskal-Wallis,0.3090569274181405,0.8568191035453142,-0.21106030069139525,0.13441719783257744,-0.2031603783217136,Staphylococcus.aureus,Prior
