,taxon,variable,test,statistic,p-value,mean_1,mean_0,mean_2,mean_3,mean_4,species_name,time_point
0,Streptococcus.pneumoniae,Severity,Kruskal-Wallis,3.5864009031517696,0.4648630662635963,231.66670965057108,173.3757170464506,301.47134526459865,287.9951442093415,345.29611659725475,Streptococcus.pneumoniae,Prior
1,Haemophilus.influenzae,Severity,Kruskal-Wallis,6.126121228385102,0.1899253690009126,22.29431110879852,204.2344958885948,83.04739462364897,-45.528737901797996,346.3702522889568,Haemophilus.influenzae,Prior
2,Moraxella.catarrhalis,Severity,Kruskal-Wallis,2.6541681318206827,0.617258082829655,190.38266888336068,298.70783757007564,180.4791728406679,203.67091290481306,343.6353942793615,Moraxella.catarrhalis,Prior
