,taxon,variable,test,statistic,p-value,mean_1,mean_2,mean_4,mean_0,mean_3,species_name,time_point
0,Streptococcus.pneumoniae,Severity,Kruskal-Wallis,3.5864009031517696,0.4648630662635963,231.66670965057108,301.4713452645986,345.29611659725475,173.3757170464506,287.9951442093415,Streptococcus.pneumoniae,Prior
1,Haemophilus.influenzae,Severity,Kruskal-Wallis,6.126121228385102,0.1899253690009126,22.29431110879854,83.04739462364894,346.3702522889568,204.2344958885948,-45.528737901797996,Haemophilus.influenzae,Prior
2,Moraxella.catarrhalis,Severity,Kruskal-Wallis,2.6541681318206827,0.617258082829655,190.38266888336065,180.47917284066793,343.6353942793615,298.70783757007564,203.67091290481306,Moraxella.catarrhalis,Prior
3,Staphylococcus.aureus,Severity,Kruskal-Wallis,2.397390637820081,0.6630988722578774,276.5984796953314,303.9762919423644,345.92815347820425,332.39315166056605,290.16875554434176,Staphylococcus.aureus,Prior
