,taxon,variable,test,statistic,p-value,mean_2,mean_1,mean_0,mean_3,mean_4,species_name
0,Streptococcus.pneumoniae,Severity,Kruskal-Wallis,3.7217520312354964,0.4449701229451486,285.7171458452762,297.3557040626503,215.8476393650419,238.65679883915757,223.46677873559497,Streptococcus.pneumoniae
1,Haemophilus.influenzae,Severity,Kruskal-Wallis,5.774274312383568,0.2166517140821909,99.88229198109754,97.90200843932683,193.22933356820883,-2.1171679771561482,224.93014033343445,Haemophilus.influenzae
2,Moraxella.catarrhalis,Severity,Kruskal-Wallis,5.188958809229007,0.2684527830974043,176.14007109718779,283.1588663864152,283.3086234060933,207.48269558664342,-27.453745080481056,Moraxella.catarrhalis
3,Staphylococcus.aureus,Severity,Kruskal-Wallis,3.6054162903634506,0.46203159595575416,330.35158408941953,328.53584365778033,353.26183331981053,360.2754673491227,224.05569758515378,Staphylococcus.aureus
