,taxon,variable,test,statistic,p-value,mean_Prior,mean_Acute,mean_Post,species_name
0,Streptococcus.pneumoniae,Timing,Kruskal-Wallis,9.419253285368882,0.00900814020971363,248.36002530733708,289.2850400833466,248.77112694037802,Streptococcus.pneumoniae
1,Haemophilus.influenzae,Timing,Kruskal-Wallis,11.192390453207281,0.0037119600496462444,94.14465476856076,189.07564177272292,58.299611145307736,Haemophilus.influenzae
2,Moraxella.catarrhalis,Timing,Kruskal-Wallis,17.428698829079508,0.00016421247087344978,221.2940254224782,298.03496325460526,164.30935364175625,Moraxella.catarrhalis
3,Staphylococcus.aureus,Timing,Kruskal-Wallis,20.986699498861867,2.7720183900956646e-05,305.26409973445936,391.0087296662091,315.0794713588176,Staphylococcus.aureus
