,taxon,variable,test,statistic,p-value,mean_2,mean_0,mean_1,mean_3,mean_4,species_name
0,Streptococcus.pneumoniae,Severity,Kruskal-Wallis,8.399023083949132,0.0780077689729709,188.72941176470587,144.2923076923077,389.6981132075472,126.52380952380952,1511.6666666666667,Streptococcus.pneumoniae
1,Haemophilus.influenzae,Severity,Kruskal-Wallis,16.48852638362991,0.0024290378946175265,333.4823529411765,258.0615384615385,32.094339622641506,173.28571428571428,3625.3333333333335,Haemophilus.influenzae
2,Moraxella.catarrhalis,Severity,Kruskal-Wallis,9.36281905419878,0.05264362296699882,110.3529411764706,242.6,183.30188679245282,46.80952380952381,383.0,Moraxella.catarrhalis
