,taxon,variable,test,statistic,p-value,mean_Asymptomatic,mean_Mild,mean_Severe,species_name
0,Streptococcus.pneumoniae,Symptoms,Kruskal-Wallis,5.9403167403822215,0.05129518606019546,-61.84160229149687,35.86587227828056,-33.91308964234126,Streptococcus.pneumoniae
1,Haemophilus.influenzae,Symptoms,Kruskal-Wallis,3.892377401449571,0.14281735530320602,61.70352413086905,-8.888638192295355,-102.56962476651094,Haemophilus.influenzae
2,Moraxella.catarrhalis,Symptoms,Kruskal-Wallis,4.752707213349382,0.09288866935173652,37.33676686107767,-6.394151408931069,-56.914067129428254,Moraxella.catarrhalis
3,Staphylococcus.aureus,Symptoms,Kruskal-Wallis,2.563817496721457,0.2775071033791039,0.15488336564328226,0.060927376924277,-0.6796026079052627,Staphylococcus.aureus
