,taxon,variable,test,statistic,p-value,mean_2,mean_3,mean_0,mean_1,mean_4,species_name
0,Streptococcus.pneumoniae,Severity,Kruskal-Wallis,3.7217520312354964,0.4449701229451486,285.71714584527615,238.6567988391576,215.84763936504194,297.3557040626503,223.46677873559497,Streptococcus.pneumoniae
1,Haemophilus.influenzae,Severity,Kruskal-Wallis,5.774274312383568,0.2166517140821909,99.88229198109754,-2.1171679771561456,193.22933356820883,97.90200843932683,224.93014033343445,Haemophilus.influenzae
2,Moraxella.catarrhalis,Severity,Kruskal-Wallis,5.188958809229121,0.2684527830973934,176.14007109718779,207.4826955866434,283.3086234060933,283.15886638641524,-27.453745080481056,Moraxella.catarrhalis
3,Staphylococcus.aureus,Severity,Kruskal-Wallis,3.6054162903634506,0.46203159595575416,330.3515840894195,360.2754673491227,353.26183331981053,328.5358436577804,224.05569758515378,Staphylococcus.aureus
