,taxon,variable,test,statistic,p-value,mean_0,mean_1,mean_2,mean_3,mean_4,species_name
0,Streptococcus.pneumoniae,Severity,Kruskal-Wallis,8.770470670592442,0.0670997927530187,-61.84160229149687,44.557263699320174,30.690099859009774,-46.99450492702683,75.09870439670509,Streptococcus.pneumoniae
1,Haemophilus.influenzae,Severity,Kruskal-Wallis,15.437334622421885,0.0038750337123511142,61.70352413086905,-8.732999704804252,-8.981321785969833,-141.60503952414146,222.72549821374366,Haemophilus.influenzae
2,Moraxella.catarrhalis,Severity,Kruskal-Wallis,8.553181374297342,0.07329151007291411,37.33676686107767,62.077811134608154,-47.16958977755558,-46.45122306801791,-144.1044343078478,Moraxella.catarrhalis
3,Staphylococcus.aureus,Severity,Kruskal-Wallis,4.439980252080237,0.3497237111552269,0.15488336564328226,0.31969499682174135,-0.09317019447533657,-0.7935447146901501,0.2699149486354659,Staphylococcus.aureus
