,taxon,variable,test,statistic,p-value,mean_Acute,mean_Post,mean_Prior,species_name,p-adjusted
0,Streptococcus.pneumoniae,Timing,Kruskal-Wallis,0.2750794390457205,0.8714997337560946,15273.477564136781,5748.867996382625,6980.364018693272,Streptococcus.pneumoniae,0.8714997337560946
1,Haemophilus.influenzae,Timing,Kruskal-Wallis,0.44582435576033363,0.8001851201623523,15382.223098474491,8241.8717497405,15657.190350861272,Haemophilus.influenzae,0.8714997337560946
2,Moraxella.catarrhalis,Timing,Kruskal-Wallis,3.2761914812918556,0.1943497825298527,5852.686370453017,8505.551979904423,5565.662457976618,Moraxella.catarrhalis,0.7773991301194108
3,Staphylococcus.aureus,Timing,Kruskal-Wallis,0.7988440741424938,0.6707075781514586,222720.66471234593,191282.52173772166,189265.45922751573,Staphylococcus.aureus,0.8714997337560946
