,taxon,variable,test,statistic,p-value,mean_2,mean_3,mean_1,mean_0,mean_4,species_name,p-adjusted
0,Streptococcus.pneumoniae,Severity,Kruskal-Wallis,,,0.004442341926709559,0.004598786638605087,0.005194630540853377,0.0031664591311483872,0.019161063098659465,Streptococcus.pneumoniae,
1,Haemophilus.influenzae,Severity,Kruskal-Wallis,,,0.00016832684816929286,0.0006967913082373245,-0.0042666924167040704,0.001283329909173094,0.026356536370362765,Haemophilus.influenzae,
2,Moraxella.catarrhalis,Severity,Kruskal-Wallis,,,0.005108452890847594,8.619529751521248e-05,0.004139573935332201,0.003899536900975877,0.018503869768037084,Moraxella.catarrhalis,
3,Staphylococcus.aureus,Severity,Kruskal-Wallis,4.587930704245878,0.33224812029588385,0.01580975841377719,0.01156584299876343,0.01641922930443449,0.012928501351592696,0.020536865627676093,Staphylococcus.aureus,
