,taxon,variable,test,statistic,p-value,mean_Asymptomatic,mean_Mild,mean_Severe,species_name
0,Streptococcus.pneumoniae,Symptoms,Kruskal-Wallis,3.122400569448473,0.20988399939372407,215.84763936504194,290.06111475739476,237.02929668520446,Streptococcus.pneumoniae
1,Haemophilus.influenzae,Symptoms,Kruskal-Wallis,5.600612120538244,0.06079145392892213,193.2293335682088,99.14317206761974,22.20932934183571,Haemophilus.influenzae
2,Moraxella.catarrhalis,Symptoms,Kruskal-Wallis,1.980227008033694,0.3715345179684987,283.3086234060933,216.08370595866,182.3109340865944,Moraxella.catarrhalis
3,Staphylococcus.aureus,Symptoms,Kruskal-Wallis,1.1730446246452857,0.556258417894538,353.26183331981053,329.67387815366686,345.6804920172689,Staphylococcus.aureus
