,taxon,variable,test,statistic,p-value,mean_Prior,mean_Post,mean_Acute,species_name
0,Streptococcus.pneumoniae,Timing,Kruskal-Wallis,0.7261311012512626,0.6955408388675932,18.50748196320479,9.165810610966256,-26.348115136441063,Streptococcus.pneumoniae
1,Haemophilus.influenzae,Timing,Kruskal-Wallis,0.39227031777816873,0.8219011399256244,10.455543643627507,-35.14227296490497,19.60591877213433,Haemophilus.influenzae
2,Moraxella.catarrhalis,Timing,Kruskal-Wallis,2.105133827611228,0.34904064096409093,23.158867189869007,-43.57857757613247,14.1191931463407,Moraxella.catarrhalis
3,Staphylococcus.aureus,Timing,Kruskal-Wallis,0.3748253339486508,0.8291015229632818,-0.006151907301377468,0.05644673177744344,-0.042133851207039344,Staphylococcus.aureus
