,taxon,variable,test,statistic,p-value,mean_0,mean_1,mean_2,mean_4,mean_3,species_name
0,Streptococcus.pneumoniae,Severity,Kruskal-Wallis,3.7217520312354964,0.4449701229451486,215.84763936504194,297.3557040626503,285.7171458452762,223.46677873559497,238.65679883915757,Streptococcus.pneumoniae
1,Haemophilus.influenzae,Severity,Kruskal-Wallis,5.774274312383568,0.2166517140821909,193.2293335682088,97.90200843932683,99.88229198109754,224.93014033343445,-2.117167977156155,Haemophilus.influenzae
2,Moraxella.catarrhalis,Severity,Kruskal-Wallis,5.188958809229007,0.2684527830974043,283.3086234060933,283.15886638641524,176.14007109718779,-27.453745080481056,207.48269558664342,Moraxella.catarrhalis
3,Staphylococcus.aureus,Severity,Kruskal-Wallis,3.6054162903634506,0.46203159595575416,353.26183331981053,328.53584365778033,330.35158408941953,224.05569758515378,360.2754673491228,Staphylococcus.aureus
