,taxon,variable,test,statistic,p-value,mean_Mild,mean_Severe,mean_Asymptomatic,species_name,p-adjusted
0,Streptococcus.pneumoniae,Symptoms,Kruskal-Wallis,4.414209164605665,0.11001873799334193,10702.25586631283,12703.672136964664,5668.885466666091,Streptococcus.pneumoniae,0.1782282564892768
1,Haemophilus.influenzae,Symptoms,Kruskal-Wallis,4.024744565619871,0.1336711923669576,12513.554845867162,25604.803005079215,9963.954302553564,Haemophilus.influenzae,0.1782282564892768
2,Moraxella.catarrhalis,Symptoms,Kruskal-Wallis,4.842126027651228,0.08882714277347604,5772.29080595411,3578.935381658669,9428.979973148467,Moraxella.catarrhalis,0.1782282564892768
3,Staphylococcus.aureus,Symptoms,Kruskal-Wallis,2.2469490772602967,0.325148090086484,192403.2313401152,142407.49287890625,245779.6817832989,Staphylococcus.aureus,0.325148090086484
