Variable,Coefficient,P_value,Model_Type,Taxon
Intercept,-71.59242824527657,0.1738244291390344,MixedLM,Bradyrhizobium.sp.CCBAU.51753
C(Timing)[T.Post],117.1272550570585,0.02346595547611563,MixedLM,Bradyrhizobium.sp.CCBAU.51753
C(Timing)[T.Prior],126.18723427330796,0.010699050844008882,MixedLM,Bradyrhizobium.sp.CCBAU.51753
C(Symptoms)[T.Mild],-149.21617518501995,0.18937374729619072,MixedLM,Bradyrhizobium.sp.CCBAU.51753
C(Symptoms)[T.Severe],-269.908008546605,0.19346260048680142,MixedLM,Bradyrhizobium.sp.CCBAU.51753
Severity,84.33011035170172,0.1691871890132428,MixedLM,Bradyrhizobium.sp.CCBAU.51753
Group Var,0.11261185731765741,0.2057092396837229,MixedLM,Bradyrhizobium.sp.CCBAU.51753
