,Taxon,P-value,Test,Max Log2 Fold Change,Mean in Mild,Mean in Asymptomatic,Mean in Severe,Max Fold Change Groups,Fold Change,Adjusted P-value,Variable
6,Bacteria: Moraxella nonliquefaciens,0.07566155828389531,Kruskal-Wallis,3.428869159708975,15.20266511627907,22.641495,2.1023777777777775,Asymptomatic vs Severe,10.769423813875123,0.5986775431276612,Symptoms
4,Bacteria: Dolosigranulum pigrum,0.13303945402836914,Kruskal-Wallis,0.9493872819410963,9.493088372093023,18.33166,10.845966666666667,Mild vs Asymptomatic,1.9310523584049053,0.5986775431276612,Symptoms
0,Bacteria: Corynebacterium pseudodiphtheriticum,0.6250222858144243,Kruskal-Wallis,1.11425984705935,4.402172093023256,2.889945,6.256277777777778,Asymptomatic vs Severe,2.1648391680070374,0.6279969811558411,Symptoms
1,Bacteria: Haemophilus influenzae,0.4239828993284409,Kruskal-Wallis,1.019898607818956,11.814123255813954,12.145895000000001,23.95641111111111,Mild vs Severe,2.027776443043057,0.6279969811558411,Symptoms
3,Bacteria: Cutibacterium acnes,0.6279969811558411,Kruskal-Wallis,2.6769503890608513,5.118846511627907,3.0824550000000004,0.8004333333333333,Mild vs Severe,6.39502672888929,0.6279969811558411,Symptoms
2,Bacteria: Streptococcus pneumoniae,0.5274227509545477,Kruskal-Wallis,0.6413149604867895,17.620253488372096,13.34702,20.818022222222226,Asymptomatic vs Severe,1.5597501633114053,0.6279969811558411,Symptoms
5,Bacteria: Francisella sp,0.4559927833760923,Kruskal-Wallis,3.3426675180415666,0.4544813953488372,2.8810499999999997,4.610711111111111,Mild vs Severe,10.144792967031266,0.6279969811558411,Symptoms
7,Bacteria: Moraxella lincolnii,0.2797329799094466,Kruskal-Wallis,1.794765408976826,15.350811627906978,4.42438,9.804555555555556,Mild vs Asymptomatic,3.4695905261306033,0.6279969811558411,Symptoms
8,Bacteria: Moraxella catarrhalis,0.45309553414072745,Kruskal-Wallis,1.693241049736842,5.311551162790698,7.507955,2.321688888888889,Asymptomatic vs Severe,3.2338237468826705,0.6279969811558411,Symptoms
