,Taxon,P-value,Test,Max Log2 Fold Change,Mean in Severe,Mean in Mild,Mean in Asymptomatic,Max Fold Change Groups,Fold Change,Adjusted P-value,Variable
6,Bacteria: Moraxella nonliquefaciens,0.07566155828389531,Kruskal-Wallis,3.428869159708975,2.1023777777777775,15.20266511627907,22.641495,Severe vs Asymptomatic,10.769423813875123,0.5986775431276612,Symptoms
4,Bacteria: Dolosigranulum pigrum,0.13303945402836914,Kruskal-Wallis,0.9493872819410963,10.845966666666667,9.493088372093023,18.33166,Mild vs Asymptomatic,1.9310523584049053,0.5986775431276612,Symptoms
0,Bacteria: Corynebacterium pseudodiphtheriticum,0.625022285814411,Kruskal-Wallis,1.11425984705935,6.256277777777778,4.402172093023256,2.889945,Severe vs Asymptomatic,2.1648391680070374,0.6279969811558411,Symptoms
1,Bacteria: Haemophilus influenzae,0.4239828993284508,Kruskal-Wallis,1.019898607818956,23.95641111111111,11.814123255813954,12.145895000000001,Severe vs Mild,2.027776443043057,0.6279969811558411,Symptoms
3,Bacteria: Cutibacterium acnes,0.6279969811558411,Kruskal-Wallis,2.6769503890608517,0.8004333333333333,5.118846511627908,3.0824549999999995,Severe vs Mild,6.395026728889292,0.6279969811558411,Symptoms
2,Bacteria: Streptococcus pneumoniae,0.5274227509545477,Kruskal-Wallis,0.6413149604867895,20.818022222222226,17.620253488372093,13.34702,Severe vs Asymptomatic,1.5597501633114053,0.6279969811558411,Symptoms
5,Bacteria: Francisella sp,0.45599278337611415,Kruskal-Wallis,3.3426675180415666,4.610711111111111,0.4544813953488372,2.8810499999999997,Severe vs Mild,10.144792967031266,0.6279969811558411,Symptoms
7,Bacteria: Moraxella lincolnii,0.2797329799094466,Kruskal-Wallis,1.794765408976826,9.804555555555556,15.350811627906978,4.42438,Mild vs Asymptomatic,3.4695905261306033,0.6279969811558411,Symptoms
8,Bacteria: Moraxella catarrhalis,0.4530955341407368,Kruskal-Wallis,1.6932410497368418,2.321688888888889,5.311551162790698,7.507955,Severe vs Asymptomatic,3.23382374688267,0.6279969811558411,Symptoms
