,Taxon,P-value,Test,Max Log2 Fold Change,Mean in Mild,Mean in Asymptomatic,Mean in Severe,Max Fold Change Groups,Fold Change,Adjusted P-value,Variable
5,Bacteria: Francisella sp,0.01589572256922297,Kruskal-Wallis,2.6636575830734968,0.8114461538461538,1.1660333333333333,5.14168,Mild vs Severe,6.336374400057635,0.14306150312300672,Symptoms
0,Bacteria: Corynebacterium pseudodiphtheriticum,0.483159309912394,Kruskal-Wallis,0.8774676092545134,3.6050512820512823,6.324283333333333,6.6230199999999995,Mild vs Severe,1.8371476881612094,0.6212048270302208,Symptoms
4,Bacteria: Dolosigranulum pigrum,0.3047921979736197,Kruskal-Wallis,0.8273455018434056,6.652928205128205,9.762377777777779,11.80508,Mild vs Severe,1.7744175033672225,0.6212048270302208,Symptoms
3,Bacteria: Cutibacterium acnes,0.364451831935533,Kruskal-Wallis,0.7386417557138406,12.298046153846155,20.520577777777778,19.01578,Mild vs Asymptomatic,1.6686041697215757,0.6212048270302208,Symptoms
6,Bacteria: Moraxella nonliquefaciens,0.4432006089912115,Kruskal-Wallis,3.111153500385958,23.720094871794874,15.667099999999998,2.74514,Mild vs Severe,8.640731789444976,0.6212048270302208,Symptoms
7,Bacteria: Moraxella lincolnii,0.3225810118928345,Kruskal-Wallis,20.382015290421258,13.664623076923077,7.660322222222224,0.0,Mild vs Severe,1366463.3076923087,0.6212048270302208,Symptoms
8,Bacteria: Moraxella catarrhalis,0.4390268868662458,Kruskal-Wallis,19.484868018514984,7.337179487179487,4.328055555555555,0.0,Mild vs Severe,733718.9487179489,0.6212048270302208,Symptoms
2,Bacteria: Streptococcus pneumoniae,0.6031143315339281,Kruskal-Wallis,2.5947065763274493,7.733184615384616,3.621783333333333,1.28018,Mild vs Severe,6.040661632558147,0.6785036229756691,Symptoms
1,Bacteria: Haemophilus influenzae,0.844838044437463,Kruskal-Wallis,0.7754292172428485,8.065338461538461,7.1785,12.28744,Asymptomatic vs Severe,1.7116992244908764,0.844838044437463,Symptoms
