,taxon,variable,test,statistic,p-value,mean_2,mean_0,mean_3,mean_1,mean_4,species_name
0,Streptococcus.pneumoniae,Severity,Kruskal-Wallis,8.028336814067188,0.09054567852770366,2.8944387016795003,2.0967076157242883,2.788007488276143,3.0823128744267305,4.791530823602554,Streptococcus.pneumoniae
1,Haemophilus.influenzae,Severity,Kruskal-Wallis,13.426877608901918,0.009367821589166983,1.0843744473475614,1.7034098521633374,0.24333539201105567,0.28065910935490723,6.25362812447374,Haemophilus.influenzae
