Feature,Importance
Severity,0.39020688156133604
Timing,0.3750376692995754
Symptoms,0.23475544913908875
