,taxon,variable,test,statistic,p-value,mean_0,mean_1,mean_2,mean_3,mean_4,species_name,time_point
0,Streptococcus.pneumoniae,Severity,Kruskal-Wallis,5.465750097162868,0.2427565180422435,1.6991909110964254,2.3501800241458515,3.074039997599018,2.9902252109367957,6.23636435339624,Streptococcus.pneumoniae,Prior
1,Haemophilus.influenzae,Severity,Kruskal-Wallis,6.929829918753342,0.13964318459123012,1.5443476012363255,-0.22094629511411878,0.7842467579102627,0.3315097818294885,7.310444443369679,Haemophilus.influenzae,Prior
