,taxon,variable,test,statistic,p-value,mean_2,mean_1,mean_0,mean_3,mean_4,species_name
0,Streptococcus.pneumoniae,Severity,Kruskal-Wallis,8.028336814067302,0.09054567852769956,2.8944387016795003,3.0823128744267305,2.096707615724288,2.788007488276143,4.791530823602554,Streptococcus.pneumoniae
1,Haemophilus.influenzae,Severity,Kruskal-Wallis,13.426877608902032,0.009367821589166518,1.0843744473475616,0.28065910935490707,1.7034098521633374,0.24333539201105567,6.253628124473739,Haemophilus.influenzae
