,taxon,variable,test,statistic,p-value,mean_Mild,mean_Asymptomatic,mean_Severe,species_name
0,Streptococcus.pneumoniae,Symptoms,Kruskal-Wallis,6.194573405501842,0.0451716002462731,2.9645607520710717,2.096707615724288,3.0026707027754016,Streptococcus.pneumoniae
1,Haemophilus.influenzae,Symptoms,Kruskal-Wallis,4.916006762680809,0.08560570239061834,0.7843961873925568,1.7034098521633374,0.8872953276320575,Haemophilus.influenzae
