,taxon,variable,test,statistic,p-value,mean_2,mean_1,mean_0,mean_3,mean_4,species_name,time_point
0,Streptococcus.pneumoniae,Severity,Kruskal-Wallis,3.57320526345012,0.4668349674132035,3.1506578445519717,3.846296781696461,2.4589846187194526,3.389202061128749,5.746122059951829,Streptococcus.pneumoniae,Acute
1,Moraxella.catarrhalis,Severity,Kruskal-Wallis,1.6899980875884353,0.7925336729785024,2.485443426329589,3.365917194545849,3.324389855031285,2.45135802920087,4.602868067874143,Moraxella.catarrhalis,Acute
