,taxon,variable,test,statistic,p-value,mean_3,mean_1,mean_2,mean_0,mean_4,species_name,time_point
0,Streptococcus.pneumoniae,Severity,Kruskal-Wallis,2.490691732860938,0.6463033545524013,1.7550488226162386,3.0485882258502994,2.394052271955365,2.1412209230498,2.3921060574595923,Streptococcus.pneumoniae,Post
1,Moraxella.catarrhalis,Severity,Kruskal-Wallis,8.461767509079266,0.07605461998483426,0.06442198941633658,3.004930970624873,1.4548324756394024,2.268957234533866,-3.1292552654022407,Moraxella.catarrhalis,Post
