,taxon,variable,test,statistic,p-value,mean_2,mean_1,mean_0,mean_3,mean_4,species_name
0,Streptococcus.pneumoniae,Severity,Kruskal-Wallis,8.028336814067302,0.09054567852769956,2.8944387016795003,3.0823128744267305,2.096707615724288,2.788007488276143,4.791530823602554,Streptococcus.pneumoniae
1,Moraxella.catarrhalis,Severity,Kruskal-Wallis,6.923148792294455,0.14000562357510982,2.0566791612591744,2.9304428914421794,2.8952357395027866,1.4012236269662248,2.0165382593447574,Moraxella.catarrhalis
