Feature,Importance
Timing,0.5323593896547585
Severity,0.3465893149616933
Symptoms,0.12105129538354831
